cycle,R2_test,MAE_test,n_test
1,0.7180834678630675,0.28064128379910075,189
