cycle,R2_test,MAE_test,n_test
2,0.5578503027064432,0.31264266961794723,238
