cycle,R2_test,MAE_test,n_test
4,0.5021152168504242,0.32388148999878547,243
