cycle,R2_test,MAE_test,n_test
3,0.46878064824369403,0.3288183573178977,243
