cycle,R2_test,MAE_test,n_test
1,0.7953056277394273,0.18075945720869382,189
