cycle,R2_test,MAE_test,n_test
2,0.7462259716510532,0.15777543340176173,238
