cycle,R2_test,MAE_test,n_test
exp,0.618787827541516,0.5435093856860719,49
