cycle,R2_test,MAE_test,n_test
3,0.8718116471702396,0.1326004601298866,243
