cycle,R2_test,MAE_test,n_test
4,0.8705279576258305,0.1263089080942727,243
